feedthespiders|||False
doubleverify crawler|||False
itsapic.com_crawler|||False
feedsky crawler|||False
tourist crawler|||False
webcensusprojectbot|||False
fileshunt.com spider|||False
gooooglebot|||False
prescotestingbot|||False
www.ellerdale.com|||False
inspyder-crawler|||False
com.rapidminer|||False
bellingham search crawler|||False
refresh web crawler|||False
search.com.ua crawler|||False
yahoo contentmatch|||False
multimedia crawler|||False
exec cmd=|||False
alert(/xss/)|||False
sjc0.tdmsic.org|||False
GO FUCK YOURSELF|||False
another rubber tree plant|||False
tdmsicDOTorg|||False
scaf_crawler|||False
Falconsbot|||False
FirstSearchBot|||False
KaloogaBot|||False
SpiderWebb|||False
StummBot|||False
Adzaarbot|||False
OkidokiBot|||False
ab-downloads.com|||False
SnoopAround-Bot|||False
seexie.com_bot|||False
Debugbot|||False
secretsearchenginelabs|||False
ppclabs_bot|||False
u-tokyo.ac.jp|||False
FASTMobileCrawl|||False
crawl@turn.com|||False
Qualidator.com|||False
Gnomit|||False
proxyDIRECT|||False
www.bash.ch|||False
ATGBot|||False
(bot; http://)|||False
snipr|||False
bookmark|||False
cluuz|||False
copyright|||False
eyenetie|||False
lucidmedia|||False
MovableType|||False
sitesucker|||False
^byte|||False
Anscient.com|||False
AppEngine-Google;|||False
k2spider|||False
strategic|||False
windows-rss-platform|||False
kinjabot|||False
helpsupportservices|||False
ruby|||False
amaya/6.4|||False
pf:inet|||False
freedom|||False
gigabyte-g-smart|||False
ogeb|||False
htmlsql|||False
spah/0.1|||False
sphider|||False
ovale_total|||False
tweetmemebot|||False
bottino|||False
galaxybot|||False
realbot|||False
wbotslink|||False
toilebot|||False
chatcatcher|||False
furlbot|||False
goseebot|||False
booblebot|||False
bargainpredatorbot|||False
baubot|||False
galbot|||False
kmkybot|||False
gokimabot|||False
flipbot|||False
jrank-bot|||False
labot|||False
versionbot|||False
3gse bot|||False
webduniabot|||False
seeqbot|||False
website analyzer|||False
bnetbot|||False
dkimrepbot|||False
testel-es-bot|||False
paxleframework|||False
clush-thumbnail-bot|||False
all acronyms bot|||False
photoblogs.org|||False
rightbot|||False
bot.php|||False
egami-bot|||False
npbot@nameprotect.com|||False
www..com|||False
ShopandBuy Bot|||False
WebToaster|||False
bot batech|||False
XSS Attackable|||False
alert(123)|||False
SiteSearch|||False
Sitemap Generator|||False
SuperMarioOS|||False
focuseekbot|||False
beebot|||False
AbiLogicBot|||False
askpeter|||False
BigSkyBot|||False
BotTracer|||False
BuiltWith|||False
crawler bot|||False
Diffbot|||False
mozbot|||False
OpenX Spider|||False
Snappybot|||False
SuchbaerBot|||False
YesupBot|||False
HTC-8100/1.2 Mozilla/4.0 (compatible; MSIE 6.0; Windows CE; PPC; 240x320) UP.Link/6.3.0.0.0|||False
superbot.com|||False
bejibot|||False
ides.com search bot|||False
adster-thumbnail-bot|||False
clustered-search-bot|||False
askpeter_bot|||False
mypagesbot|||False
skreemrbot|||False
www.google.com/bot|||False
mobile crawler|||False
AboutUsBot|||False
BlogRefsBot|||False
Gigamega.bot|||False
UptimeAuditor.com|||False
Kyluka crawl|||False
crawler_admin|||False
abot.html|||False
spider.html|||False
sbopiambot|||False
yoono|||False
help.goo.ne.jp|||False
www.botsvsbrowsers.com|||False
www.studiodentisticoortuso.it|||False
ysm-keystone-crawl-support|||False
slow-crawler|||False
bogospider|||False
archive.org_bot|||False
ScanAlert|||False
IDBot|||False
FatBot|||False
dtsearchspider|||False
crawlster|||False
autokrawl|||False
ysmadcrawler|||False
bzbot|||False
asterias Crawler|||False
bordermanager|||False
Mozilla/5.0 (X11; U; Linux i686 (x86_64); pl-PL; rv:1.9a3pre) Gecko/20070224 Firefox/3.0a3pre (Kubuntu-feisty) (Powered by Virtual_ManPL)|||False
Infocrawler|||False
href=http://browsezilla.org|||False
www.fast-search-engine|||False
ContextAd Bot|||False
gatcha-robot|||False
Intelligent Web Robot|||False
(000000000; 0; 000 000 00 0; 00)|||False
(000000000; 0; 000 000 00 0 000000; 00000; 00000000)|||False
http://www.mozilla.org/docs/en/bot.html|||False
Scumbot|||False
Artabus|||False
pghconnect|||False
tuezilla|||False
Crayon Crawler|||False
Mirar Search|||False
JemmaTheTourist|||False
SKIZZLE|||False
Dulance bot|||False
FindITAnswersbot|||False
Tailrank|||False
vertical-crawl-support|||False
RSS/Atom Feed Robot|||False
DAUMOA|||False
BOTW|||False
KyoHTTP|||False
mowserbot|||False
Netcraft|||False
actha-robot|||False
SuperSpider|||False
MS Search 4.0 Robot|||False
MS Search 5.0 Robot|||False
MakeBelieveBot|||False
Girafabot|||False
VoilaBot|||False
QihooBot|||False
T-H-U-N-D-E-R-S-T-O-N-E|||False
grub-client|||False
betaspider.com|||False
MyFamilyBot|||False
NaverBot|||False
ZyBorg|||False
WebaltBot|||False
BecomeJPBot|||False
DNS-Digger|||False
FAST Crawler|||False
genevabot|||False
iaskspider|||False
LinksManager.com_bot|||False
MileNSbot|||False
pips_priority_crawl|||False
SnapPreviewBot|||False
vermut|||False
Webbot|||False
BecomeBot|||False
Slurp|||False
NimbleCrawler|||False
heritrix|||False
GPU p2p crawler|||False
DepSpid|||False
activetourist.com|||False
Ask Jeeves/Teoma|||False
GetMeLinked|||False
crawl@digigetx.com|||False
GoogleBot|||False
FeedFinder|||False
fr_crawler|||False
Shadow Labs E-mail Spider|||False
proximic crawler|||False
webcrawler/1.0|||False
ogsearchspider|||False
AMZNKAssocBot|||False
ApptusBot|||False
Bazbot|||False
Bot-DeVille|||False
DBLBot|||False
Jeanie_2008_bot|||False
justanotherbot|||False
No-NSFW Bot|||False
OWPBot|||False
page-store|||False
perl.bot|||False
pmoz.info|||False
SummizeBot|||False
WebDataCentreBot|||False
zermelo|||False
unicornleapfrog|||False
infoSpider|||False
TSESpiderrBot|||False
thumbshot|||False
botmobi|||False
YahooSeeker|||False
DROP TABLE|||False
AdSonar Bot|||False
irongeek.com|||False
iSense bot|||False
Ask Jeeves Corporate Spider|||False
OnMiner|||False
Gogglebot|||False
baiduspider|||False
Runnk RSS finder|||False
bss_miner|||False
bbl_list|||False
bot@bot|||False
google bot|||False
"exec cmd=""/bin/id"""|||False
alert(0)|||False
webwalkerbot|||False
55329.glrdmd.eu|||False
+http://hilfe.acont.de/bot.html|||True
ActiveWorlds|||True
atraxbot|||True
baypup|||True
bim-zone|||True
Colloquy4132|||True
debian_501|||True
deva|||True
FDM|||True
filter|||True
HanRSS|||True
jrCrawler|||True
Kupengpat|||True
LongURL|||True
mars|||True
50.nu|||True
nu_tch-princeton|||True
O'Reilly|||True
OSSProxy|||True
rootlink|||True
SaladSpoon|||True
SharpReader|||True
Skywalker|||True
TalkPortalCrawler|||True
scout|||True
Charlotte|||True
joc|||True
is4we|||True
linbot|||True
new york times|||True
ebay relevance|||True
semcrawler|||True
polyanalyst|||True
kaist|||True
flickysearchbot|||True
sphinx|||True
smarte|||True
autobaron|||True
shopstylebot|||True
piki.fr|||True
cspider|||True
submitnet|||True
adk-crawler|||True
archiveteambot|||True
blackwidow|||True
gsa-eloan|||True
bitlybot|||True
zeecrawler|||True
fubraspider|||True
edintorni|||True
mecs|||True
topyx-crawler|||True
a .net web crawler|||True
codeton|||True
enquisite|||True
superpagesurlverifybot|||True
r6_commentreader|||True
gazaro crawler|||True
issuecrawler|||True
sitecrawler|||True
j52|||True
spellrus|||True
synapticsearch|||True
smartandsimplewebcrawler|||True
(J2ME|||True
?script.error?|||True
bnyonkqwyagacpbyfhwft|||True
ZONGOLBOT|||True
zeger|||True
Spector|||True
rassler|||True
POE-Component|||True
FarKrank|||True
amaya|||True
COMTORBOT|||True
computergeek|||True
Bundestrojaner|||True
atlantic|||True
facebook|||True
sincap|||True
SiteGuardBot|||True
SiteSnagger|||True
Snappy|||True
SOFTWING_TEAR_AGENT_1_0|||True
spamBLOCK|||True
spywareFINDER|||True
TailsweepBlogCrawler|||True
TasBot|||True
TDMSIC.ORG|||True
Teoma|||True
TFC|||True
THis|||True
TL32Sn|||True
tlg-google-93465|||True
TrackBack|||True
Twingly|||True
um_bicho|||True
URLValidator|||True
West|||True
Who.is|||True
Wk/1.0|||True
Wolfram|||True
YapBot_v0.1|||True
YelliowBot|||True
Yubico|||True
Notifixious|||True
Nuhk|||True
olkin|||True
omgilibot/0.3|||True
Orgbybot|||True
PHarvester|||True
Picsel|||True
PigFear|||True
Pizilla++|||True
PKU|||True
ProxyTestAuth|||True
QEAVis|||True
RacaiCrawler|||True
RoRobbot|||True
Ruky-Bot|||True
S5-E32PVAMTU8NJS|||True
Schäuble|||True
scribdbot_user_agent:|||True
SDBot|||True
Semulator|||True
Mr.|||True
MSIndianWebcrawl|||True
naoFavicon4IE|||True
NetFox|||True
network467|||True
NewSpider|||True
1st|||True
A-listed|||True
Adirbot|||True
AHSHTTP_POST_R|||True
AJakieToMaZnaczenie|||True
AnoProxy|||True
Arexx|||True
aworm-injector|||True
Axonize-bot|||True
bensbot|||True
ETS|||True
event_fetcher|||True
Excalibur|||True
F$Ajax|||True
FeedMyInbox|||True
FGet|||True
FirePanther|||True
GetWebFile|||True
Google-Site-Verification|||True
GT::WWW|||True
Gungator|||True
hclsreport-crawler|||True
HiPPiE|||True
hitcrawler|||True
HTC-P4600|||True
iamdebugger|||True
IBM.Orange.Web.Filter|||True
IM/0.1|||True
iPhone|||True
IPOD|||True
IrssiUrlLog|||True
JEDI-VCL|||True
Juuhbot|||True
LexxeBot|||True
libsoup|||True
LIMEWIRE|||True
Lite-Nav|||True
livwww-perl|||True
LookUpCrawler|||True
Loserbot|||True
luchs.at|||True
MidnightBowling|||True
BubbleGum|||True
BuzzSoRadBot|||True
Ciao|||True
ContentBarrier|||True
daemon|||True
DailyPerfect|||True
dit|||True
mixi-crawler|||True
MMHttp|||True
doubleverify|||True
full web bot|||True
gingercrawler|||True
hapax|||True
idearenewsspider|||True
ingrid|||True
magpie-crawler|||True
mbot|||True
mwmcrawler|||True
norbert|||True
ovalearthbot|||True
poprlbot|||True
pressarmybot|||True
sietscrawler|||True
st7bot|||True
swsbot/1.3|||True
tffiebot|||True
uolcrawler|||True
xbrt.com|||True
192.comagent|||True
link|||True
screened|||True
urlsearchhook|||True
hcat|||True
htdig|||True
MegaUpload|||True
aa bot|||True
s2bot|||True
uberbot|||True
flashloadbot|||True
busiversebot|||True
ddetailsbot|||True
likebot|||True
cisionbot|||True
oodlebot|||True
clickriverbot|||True
tokenizer|||True
wikiofeedbot|||True
blitzbot@tricus.com|||True
open|||True
pbbot|||True
shoppinglinkcentral.com-topic-specific-search-engine-bot|||True
urlfan-bot/1.0;|||True
to-night-bot|||True
rzuqkkbotzva|||True
willybot|||True
xchange.ws|||True
modiphibot|||True
monitorizebot|||True
maggbot|||True
noteworthybot|||True
taleeebot|||True
zupeebot|||True
properazzibot|||True
voinicsbot|||True
feedness-bot|||True
quik-findbot|||True
niftyssbot|||True
tybot|||True
kurzor|||True
gnoztik|||True
i-marketbot|||True
twengabot|||True
kmsearchbot|||True
tjoosbot|||True
yadirectbot|||True
googleebot|||True
swsbot/1.4|||True
sbl-bot|||True
caliperbot|||True
elbowbot|||True
houndercrawl|||True
localbot|||True
panelbot|||True
mediawords|||True
siteqa|||True
propbot|||True
mblast|||True
flashrip|||True
shiteater|||True
msmbot|||True
happyfunbot|||True
blips|||True
elblindo|||True
mgahncsniegbotbvgzl|||True
bcwywurbotpz|||True
viodxwwirwbotxndro|||True
wceotbotus|||True
soource|||True
seo|||True
pwcauditbotpwcaudit|||True
div|||True
jetbot|||True
adsbotpwcaudit|||True
3xworld.org|||True
uxctbotypbtlv|||True
ebotoyszgpjgclgwkin|||True
automapit|||True
nichebot|||True
pentafocus.com|||True
llssbot|||True
nambu|||True
joebot|||True
retailfans|||True
wordbot.net|||True
verboten|||True
king|||True
magus|||True
innovantagebot|||True
nya--n|||True
tailsweepbot|||True
followsite|||True
draftmedia|||True
wikiopxyfeedbot|||True
lexibot|||True
rossbot|||True
keywalkerbot|||True
sportspyderbot|||True
methabot|||True
albertbot|||True
clicktale|||True
.NET Framework Test Client|||True
_detectURL|||True
AgentName|||True
AISearchBot|||True
Allrati|||True
AltaVista|||True
amibot|||True
Anon|||True
Apache|||True
aria2|||True
BatchScan|||True
betaBot|||True
BitvoUserAgent|||True
Blubberlutsch|||True
BookmarkSync|||True
BPImageWalker|||True
Brand|||True
chWWW|||True
ClamAV|||True
CoralWebPrx|||True
crawly_2.6.3|||True
cugeCrawler|||True
CydralSpider|||True
DB_DEBUG|||True
DealGates|||True
Deebo|||True
Deviance|||True
DNSMine|||True
DopodC720|||True
dtSearch|||True
Eisoo|||True
eMule|||True
ePochta_Extractor|||True
Fauxzilla|||True
FeedDemon|||True
Feedjit|||True
FirePHP|||True
Frelicbot|||True
gbot|||True
georg|||True
Googoebot|||True
gvfs|||True
hakiaBot|||True
HAL|||True
Heilbut|||True
HyperEstraier|||True
Inar_spider|||True
IOI|||True
Isidorus|||True
iSpider|||True
Its|||True
jak1471|||True
libcurl|||True
linux|||True
masidani_bot|||True
MDbot|||True
Megite|||True
Mobitype|||True
Mofdala|||True
Morpheus|||True
Net-Seekr|||True
NetID.com|||True
Nitroglobal|||True
NSO_Debugger|||True
Onetime|||True
PageNest|||True
PDFBot|||True
PECL::HTTP|||True
Perl|||True
Plonebot|||True
portalmmm|||True
R6_FeedFetcher|||True
rdfbot|||True
RegexBuddy|||True
Search|||True
SeznamBot|||True
SeznamScreenshotator|||True
ShrinkTheWeb.com|||True
Site-Perf.com|||True
Sphere|||True
Squid|||True
Subtext|||True
SuperHTTP|||True
Swami1|||True
swish-e|||True
Tagatum|||True
Tarantula|||True
Tasapspider|||True
"""Testbot"|||True
TRINIDAD-1266|||True
Twitturly|||True
UFO|||True
University_Bot_Beta_1|||True
URLBase|||True
user_agent=Mp3Bot|||True
Voracious|||True
w3m|||True
WHttpTest|||True
Woovi|||True
XeonBot|||True
Y!J-BRI|||True
Yanga|||True
ZontirBot|||True
Ad Muncher|||True
+kmem|||True
8bo|||True
!Susie|||True
"""YahooFeedSeeker"|||True
Icon|||True
IxHTTP_Get|||True
JetBrains|||True
Jigsaw|||True
JoBo|||True
K-Meleon|||True
kalooga|||True
KDDI-CA33|||True
Knight|||True
Lynx|||True
MECOM-IndexBot|||True
Metaspinner|||True
MLBot|||True
Doris|||True
DuckDuckBot|||True
eCatch|||True
Elric|||True
Email|||True
EnaBot|||True
EroCrawler|||True
eSyndiCat|||True
ExactSearch|||True
exooba|||True
EXPLORER|||True
Express|||True
FBI|||True
FeedBurner|||True
FeedHub|||True
fetch|||True
Firebat|||True
FlashGet|||True
Gandalf|||True
GeonaBot|||True
gnu-classpath|||True
Goglebot|||True
Goldfire|||True
google-bot|||True
GoogleProject|||True
heartland|||True
HMSEbot|||True
Hostcrawler|||True
ajSitemap|||True
alef|||True
autowebdir|||True
Barca|||True
Basalt|||True
BebopBot|||True
BilgiBot|||True
BinGet|||True
Biyubi|||True
BKA|||True
blackspider|||True
bleeding-sucker-bot|||True
blind-dice|||True
BloobyBot|||True
BND|||True
CacheServer|||True
Carracas|||True
CatchBot|||True
CCBot|||True
CentiverseBot|||True
cf_crawler|||True
Chilkat|||True
Chitika|||True
Clown|||True
ColdFusion|||True
cr4nk.com|||True
Cynthia|||True
Daruma|||True
darxi|||True
devil|||True
Domain|||True
MSR-ISRCCrawler|||True
NameOfAgent|||True
NetWhatCrawler|||True
NicheSpider|||True
NoggaNogga|||True
nrsbot|||True
NSplayer|||True
Offline Explorer|||True
OnlineWebCheck|||True
OOZBOT|||True
pangolin|||True
Path|||True
Rankivabot|||True
REBI-Shoveler|||True
Rojo|||True
Rome Client|||True
sad|||True
Science Traveller|||True
Semager|||True
ShablastBot|||True
SharedService.Crawler|||True
Site Sniper|||True
SiteWinder|||True
Sosoimagespider|||True
Stealth Session|||True
StoneHttpAgent|||True
STRYDER|||True
Student study spider|||True
Sumimasen Spider|||True
SuperBot|||True
The Expert HTML Source|||True
TheRarestParser|||True
TinEye|||True
tomocha|||True
Touche|||True
UdmSearch|||True
Utopia|||True
veoh|||True
void|||True
W3CLineMode|||True
WDG_Validator|||True
WinInetSimpleRequest|||True
wisponbot|||True
WordChampBot|||True
www.fi|||True
www.light2art|||True
WWWOFFLE|||True
Xaldon|||True
xChaos_Arachne|||True
XMLHTTP|||True
Y!TunnelPro|||True
YebolBot|||True
YTunnelPro|||True
Z-Add Link Checker|||True
oclc spider|||True
biz360 spider|||True
msie 6.0(spider|||True
i-market spider|||True
tl spider|||True
taiga web spider|||True
vspider|||True
boogooo spider|||True
rispider|||True
research-spider|||True
zibber|||True
nl-crawler|||True
new york time research and development crawler|||True
ptech|||True
ucmore crawler|||True
infraenterprise|||True
amorphiccrawler|||True
optidiscover|||True
texttrust|||True
business.com bot|||True
jiglu-crawler-bot|||True
infousabot|||True
iiitbot|||True
terrawizbot|||True
technoratibot|||True
key360bot|||True
aleadsoftbot|||True
agent anonymous|||True
pcbeaconbot|||True
paxinas.com|||True
oxado-bot|||True
eventbot|||True
factbot|||True
Anti-XBOCT|||True
Blern|||True
BlueDragon|||True
Bookdog|||True
CFG_SPIDER_USER_AGENT|||True
Cuttlefish|||True
DA 7.0|||True
dmoz_tool3|||True
gemiusbot|||True
Grub|||True
Hampsters|||True
Image Collector|||True
ljt_ignoreme|||True
Lovel|||True
Microwave Oven|||True
ninetowns|||True
notie|||True
NUCLEARFOX|||True
Nutexplore|||True
oegp|||True
Particls|||True
Pockey|||True
science_crawler_by_informatics|||True
Sosospider|||True
Steeler|||True
SygolBot|||True
Tannoy|||True
Teemer|||True
ThaiSUE|||True
travel|||True
UltraUptime|||True
wikiwix|||True
www.bilgisayar|||True
grbot|||True
BaboomBot|||True
dnScoop|||True
dodgebot|||True
envolk|||True
Envolo|||True
GoogleReport|||True
hbtronix.spider|||True
heeii|||True
JuicyBits_Indexer|||True
LinxChequer|||True
MakeMyReport.com|||True
MalleHenkie|||True
MaSagool|||True
MicroCosmoTalk|||True
NetSongBot|||True
OmniWeb|||True
Port Huron Labs|||True
pythonic-crawler|||True
Sirketcebot|||True
SiteTruth.com|||True
SlySearch|||True
Spock Crawler|||True
tags2dir.com|||True
topicblogs|||True
URI::Fetch|||True
venkatpb bot|||True
WinHTTP Example|||True
Chickety China|||True
Feed::Find|||True
Gulper Web Bot|||True
great-plains-web-spider|||True
flatlandbot|||True
FeedValidator|||True
FeedFetcher-Google|||True
Hatena|||True
Mail Harvester|||True
Mercurius.exe|||True
Mweb crawler|||True
Pete-Spider|||True
Python-httplib2|||True
shelob|||True
Slip Knees|||True
TulipChain|||True
w3c-checklink|||True
code-crawler.com|||True
google spider|||True
adsbot-google|||True
::_detectURL|||True
FunWebProducts|||True
GameBox|||True
GetHTMLContents3|||True
HMSE_Robot|||True
HTTP|||True
ia_archiver|||True
IEAutoDiscovery|||True
iexplore|||True
Indexer1063|||True
JuicyBits_Search_0.04|||True
KnowItAll|||True
LBot|||True
Lycos_Spider_|||True
MetaGer_PreChecker0.1|||True
MFC_Tear_Sample|||True
AcadiaUniversityWebCensusClient|||True
AdSenserBot|||True
AlexfDownload|||True
BDFetch|||True
DiamondBot|||True
DorkBoy|||True
dpicella-fertilityweb.net|||True
dragonfly|||True
FavOrg|||True
MVAClient|||True
nicebot|||True
oBot|||True
page_prefetcher|||True
panscient.com|||True
psycheclone|||True
razorbak|||True
SURF|||True
TinDog2|||True
TMCrawler|||True
unknown/1.0|||True
Unknown Bot|||True
updated|||True
VadixBot|||True
WinHttp664114|||True
wwwrobot|||True
#1|||True
+SitiDi.net|||True
Dumbot|||True
e-SocietyRobot|||True
4.1.0|||True
4.Platz|||True
411.info|||True
abot|||True
AIBOT|||True
AnswerBus|||True
Apexoo|||True
appie|||True
AppleSyndication|||True
asked|||True
baa|||True
BeckyBot|||True
bender|||True
Bigsearch.ca|||True
Bimbot|||True
Blog|||True
Bloodhound|||True
BruinBot|||True
BuildCMS|||True
BurstFindCrawler|||True
caizhi|||True
Cazoodle|||True
ccubee|||True
cfetch|||True
CFNetwork|||True
CJNetworkQuality;|||True
CobWeb|||True
Combine|||True
complex_network_group|||True
ContactBot|||True
ConveraCrawler|||True
core-project|||True
crawler|||True
csci_b659|||True
CSE|||True
curl|||True
Custo|||True
DataFountains|||True
Digger|||True
Dillo|||True
DoCoMo|||True
Download|||True
Drupal|||True
DuxeT|||True
EasyDL|||True
EmeraldShield.com|||True
Encourage|||True
EuripBot|||True
Evaal|||True
Everest-Vulcan|||True
falcon|||True
FANGCrawl|||True
FAST|||True
Google-Sitemaps|||True
Gran|||True
gridwell|||True
GSiteCrawler|||True
Hackzilla|||True
HenryTheMiragoRobot|||True
hl_ftien_spider|||True
holmes|||True
HouxouCrawler|||True
HPL|||True
HTML2JPG|||True
HTMLParser|||True
favorstarbot|||True
FAX|||True
FeedChecker|||True
Findexa|||True
findlinks|||True
flyindex.net|||True
Forschungsportal|||True
FreeSurfer|||True
Fusion-ware.com|||True
FyberSpider|||True
g3.pl|||True
Gaisbot|||True
genieBot|||True
GeoBot|||True
geosign-crawler|||True
Gigabot|||True
gnome-vfs|||True
GOD|||True
GOFORITBOT|||True
goget|||True
gonzo1|||True
hunter|||True
i1searchbot|||True
IBrowse|||True
ICC-Crawler|||True
ichiro|||True
ilial|||True
IlseBot|||True
IlTrovatore|||True
inet|||True
Infinity|||True
Internet|||True
IP2LocationBot|||True
IP2MapBot|||True
IP2PhraseBot|||True
IPAddressGuideBot|||True
IRLbot|||True
ISC|||True
iSEEKbot|||True
iVia|||True
Jakarta|||True
Jambot|||True
Java|||True
Jyxobot|||True
kakle-spider|||True
KakleBot|||True
Kazehakase|||True
KBeeBot|||True
Keep|||True
Keyword|||True
kooba|||True
KRetrieve|||True
Krugle|||True
ksibot|||True
lanshanbot|||True
LapozzBot|||True
larbin_2.6.3|||True
LarbinWebCrawler|||True
LGE-VX8100|||True
MQbot|||True
MSNPTC|||True
MSRBOT|||True
My|||True
NASA|||True
NaverBot-1.0|||True
Nelian|||True
nestReader|||True
NetAnts|||True
Netintelligence|||True
Nokia6682|||True
noxtrumbot|||True
Noydb|||True
NPBot|||True
NuSearch|||True
LMQueueBot|||True
LocalcomBot|||True
locallytargetbot|||True
Lsearch|||True
LTH|||True
lwp-trivial|||True
LWP::Simple|||True
Mail.Ru|||True
McBot|||True
Metasearch|||True
metatagsdir|||True
Microsoft|||True
MicroStation|||True
miniRank|||True
Missigua|||True
Moreoverbot|||True
Most|||True
MOT-A-2B|||True
NWSpider|||True
ObjectsSearch|||True
OCP|||True
Omri|||True
"onCHECK-Robot|||"|||True
OneWorldSearch|||True
Oracle|||True
Orbiter|||True
OutfoxBot|||True
ozelot|||True
P3P|||True
page_verifier|||True
PageBitesHyperBot|||True
Pagebull|||True
PayPal|||True
PEAR|||True
PediaSearch.com|||True
PeerFactor|||True
permail|||True
PHP|||True
Pingdom|||True
bigbrother|||True
NetResearchServer|||True
NetSprint|||True
NewsGator|||True
newtelligence|||True
NextGenSearchBot|||True
NextopiaBOT|||True
NG|||True
NoBot|||True
Shim-Crawler|||True
pipeLiner|||True
PlantyNet_WebRobot|||True
Pompos|||True
PrivacyFinder|||True
Privoxy|||True
Program|||True
psbot|||True
pulseBot|||True
PycURL|||True
PyQuery|||True
Python-urllib|||True
RAMPyBot|||True
RedBot|||True
REL|||True
Robozilla|||True
RPT-HTTPClient|||True
RufusBot|||True
RwB's|||True
SafariBookmarkChecker|||True
SandCrawler|||True
SBIder|||True
schibstedsokbot|||True
Schism|||True
Schmozilla|||True
ScSpider|||True
Seekbot|||True
Sensis|||True
shaboyi|||True
ShopWiki|||True
silk|||True
SitemapsPal.com|||True
SitiDi.net|||True
Slurpy|||True
SmartyBot|||True
sna-0.0.1|||True
snap.com|||True
Snapbot|||True
Snoopy|||True
Sogou|||True
sohu|||True
Space|||True
Speedy|||True
Spider|||True
SpokeSpider|||True
sproose|||True
StackRambler|||True
STEROID|||True
Sunrise|||True
SuperPagesBot|||True
SurveyBot|||True
Syntryx|||True
Tcl|||True
Teleport|||True
test|||True
thumbshots-de-Bot|||True
TMBot|||True
toddwe6|||True
trafficbloater|||True
TurnitinBot|||True
TutorGigBot|||True
Twisted|||True
USyd-NLP-Spider|||True
Vacobot;|||True
VB|||True
versus|||True
ViagraBot|||True
VisBot|||True
Vision|||True
VMBot|||True
VSynCrawler|||True
W3CRobot|||True
WannaBe|||True
Web|||True
Wells|||True
WeRelateBot|||True
Wget|||True
WinkBot|||True
WinPodder|||True
WIRE|||True
WordPress|||True
WorQmada|||True
wwwster|||True
Xiino|||True
YamBot-USA|||True
Yandex|||True
Yeti|||True
yggdrasil|||True
Yooda|||True
zerxbot|||True
Zeus|||True
WWW-Mechanize|||True
Xenu|||True
Yahoo|||True
boitho.com-dc|||True
bot|||True
OmniExplorer_Bot|||True
yacy|||True
zoomspider|||True
Accoona|||True
Ace Explorer|||True
Acorn/Nutch|||True
aipbot|||True
Amfibibot|||True
MS Search|||True
NetSurf|||True
owsBot|||True
ozzie|||True
PCbot|||True
polybot|||True
puf|||True
RSS-Reader/0.2|||True
RSS-SPIDER|||True
SmallProxy|||True
TeamSoft WinInet Component|||True
tmsnbot|||True
Trailfire-bot|||True
ULTRA NAZI TIME-TRAVELLING SPAMBOT|||True
UnSpun|||True
URL_Spider_Pro|||True
W3C_Validator|||True
Willow Internet Crawler|||True
World-Check URL-Checker|||True
end_Http_Client|||True
AurNet07|||True
BrightCrawler|||True
bwh3_user_agent|||True
Connotea|||True
CookieMonster|||True
CorenSearchBot|||True
CWD DTeam|||True
DataCha0s|||True
DeadLinkCheck|||True
eStyleSearch|||True
foo|||True
ForAll.pl-Crawler|||True
LargeSmall|||True
LeechGet|||True
lwp-request|||True
MCT Spider|||True
Mister Pix|||True
Mister Wong-Bot|||True
MnoGoSearch|||True
123spider-Bot|||True
8484 Boston|||True
A1 Keyword|||True
A1 Sitemap|||True
AideRSS|||True
AKHBOT|||True
aranhabot|||True
ASAHA|||True
Atomic_Email_Hunter|||True
Zend_Http_Client|||True
Acoon-Robot|||True
wepbot|||True
Apoena 2.0|||True
Mozilla crawl|||True
User-Agent: FPLinkChecker|||True
FPLinkChecker|||True
User-Agent: DoCoMo|||True
andererbrowser|||True
autohotkey|||True
btwebclient|||True
freewebmonitoring sitechecker|||True
funnelcrawler|||True
google photos screensaver|||True
incoming!|||True
leaptag|||True
-DIE-KRAEHE-|||True
4anything.com|||True
A-Online|||True
aardvark-crawler|||True
ABCdatos|||True
Aberja|||True
About|||True
Accelatech|||True
Ack|||True
AESOP_com_SpiderMan|||True
agadine|||True
Agent-SharewarePlazaFileCheckBot|||True
Aladin|||True
Aleksika|||True
AlkalineBOT|||True
Allesklar/0.1|||True
AnnoMille|||True
antibot-V1.1.5|||True
AnzwersCrawl|||True
Aport|||True
ArachBot|||True
Arachnoidea|||True
ArchitextSpider|||True
Arikus_Spider|||True
Asahina-Antenna|||True
ask.24x.info|||True
ASPSeek|||True
ASSORT|||True
asterias|||True
AtlocalBot|||True
Atomz|||True
augurfind|||True
augurnfind|||True
AV|||True
axadine|||True
BaiduImagespider|||True
BarraHomeCrawler|||True
bdcindexer_2.6.2|||True
BeamMachine|||True
beautybot|||True
BigCliqueBOT|||True
BIGLOTRON|||True
Bitacle|||True
BlitzBOT@tricus.net|||True
BravoBrian|||True
BSDSeek|||True
BStop.BravoBrian.it|||True
BTbot|||True
BullsEye|||True
bumblebee@relevare.com|||True
Buscaplus|||True
carleson|||True
Catall|||True
Ceramic|||True
ChristCRAWLER|||True
CipinetBot|||True
ClariaBot|||True
Claymont.com|||True
CloakDetect|||True
Clushbot|||True
CoBITSProbe|||True
Cogentbot|||True
collage.cgi|||True
"cometrics-bot|||"|||True
Computer_and_Automation_Research_Institute_Crawler|||True
ConveraMultiMediaCrawler|||True
CoolBot|||True
CougarSearch|||True
Covac|||True
Cowbot-0.1|||True
CrawlConvera0.1|||True
Crawllybot|||True
CrocCrawler|||True
Cuasarbot/0.9b|||True
CurryGuide|||True
DataparkSearch|||True
DataSpearSpiderBot|||True
DatenBot|||True
DaviesBot|||True
daypopbot|||True
dbDig|||True
dCSbot|||True
deepak-USC|||True
DeepIndex|||True
Denmex|||True
dev-spider2.searchpsider.com|||True
DiaGem|||True
DigOut4U|||True
DIIbot|||True
Drecombot|||True
DTAAgent|||True
e-sense|||True
EARTHCOM.info/1.x|||True
EchO!|||True
ejupiter.com|||True
elfbot|||True
Enfish|||True
Enterprise_Search|||True
ES.NET_Crawler|||True
ESISmartSpider|||True
eventax|||True
ExactSeek|||True
Exalead|||True
Execrawl|||True
Expired|||True
EyeCatcher|||True
Favcollector|||True
favo.eu|||True
Feed24.com|||True
Feedster|||True
Felix|||True
FFC|||True
fileboost.net|||True
Filtrbox|||True
FindAnISP.com_ISP_Finder_v99a|||True
FineBot|||True
Firefly|||True
Firefox|||True
FirstGov.gov|||True
firstsbot|||True
Flapbot|||True
Flexum|||True
FlickBot|||True
flunky|||True
FnooleBot|||True
FocusedSampler|||True
Folkd.com|||True
Francis|||True
FreshNotes|||True
FTB-Bot|||True
FuseBulb.Com|||True
Gagglebot|||True
gamekitbot|||True
GammaSpider|||True
gazz|||True
generic_crawler|||True
gigabaz|||True
GNODSPIDER|||True
Goblin|||True
GoForIt.com|||True
gonzo2[P]|||True
Goofer|||True
GrapeFX/0.3|||True
GrigorBot|||True
Gromit|||True
Gulliver|||True
Gungho|||True
GurujiImageBot|||True
Harvest-NG|||True
Haste|||True
Hi!|||True
Hippias/0.9|||True
HitList|||True
Hitwise|||True
HomePageSearch|||True
Homerbot:|||True
HooWWWer|||True
IAArchiver-1.0|||True
ICRA_label_spider|||True
icsbot-0.1|||True
iFeed.jp|||True
igdeSpyder|||True
ImageWalker|||True
IncyWincy|||True
IndexTheWeb.com|||True
info@pubblisito.com-|||True
infoConveraCrawler|||True
InfoFly|||True
INFOMINE/8.0|||True
InfoSeek|||True
Inktomi|||True
InnerpriseBot|||True
Insitor.com|||True
Insitornaut|||True
IPiumBot|||True
IpselonBot|||True
IWAgent/|||True
Jabot|||True
Jack|||True
Jayde|||True
JobSpider_BA|||True
Kenjin|||True
Kevin|||True
KE_1.0/2.0|||True
KFSW-Bot|||True
kinja-imagebot|||True
KIT-Fireball|||True
Knowledge.com|||True
KSbot|||True
kuloko-bot|||True
kulturarw3|||True
KummHttp|||True
LECodeChecker/3.0|||True
LEIA|||True
Libby_1.1|||True
LibertyW|||True
libWeb/clsHTTP|||True
Llaut|||True
lmspider|||True
LNSpiderguy|||True
Lockstep|||True
Look.com|||True
Mackster|||True
Mahiti.Com|||True
mailto:webcraft@bea.com|||True
mammoth|||True
MantraAgent|||True
MapoftheInternet.com|||True
Marketwave|||True
Martini|||True
Marvin|||True
MasterSeek|||True
Mata|||True
Matrix|||True
MediaCrawler-1.0|||True
MediaSearch|||True
MegaSheep|||True
Mercator-1.x|||True
Mercator-2.0|||True
Mercator-Scrub-1.1|||True
Metaeuro|||True
MetaGer-LinkChecker|||True
MetagerBot|||True
MicroBaz|||True
Miva|||True
MJBot|||True
moget|||True
mogimogi|||True
moiNAG|||True
Morris|||True
Mouse-House|||True
mozDex|||True
MultiText|||True
MusicWalker2.0|||True
Naamah|||True
NABOT|||True
NationalDirectory-WebSpider|||True
NationalDirectoryAddURL|||True
NCSA|||True
NEC|||True
NetLookout|||True
Netluchs|||True
NetNoseCrawler|||True
Netprospector|||True
NetZippy|||True
NICO|||True
NITLE|||True
Noago|||True
noyona_0_1|||True
obidos-bot|||True
Ocelli|||True
Octora|||True
OliverPerry|||True
Onet.pl|||True
OntoSpider/1.0|||True
OrangeSpider|||True
Overture-WebCrawler|||True
PADLibrary|||True
parallelContextFocusCrawler1.1parallelContextFocusCrawler1.1|||True
ParaSite|||True
pd02_1.0.0|||True
PEERbot|||True
PicoSearch|||True
Piffany_Web_Scraper_v0.x|||True
Piffany_Web_Spider_v0.x|||True
PigeonBot1.0|||True
PingALink|||True
Pita|||True
PJspider|||True
PlagiarBot|||True
PluckFeedCrawler|||True
Popdexter|||True
PortalBSpider|||True
potbot|||True
Project|||True
PROve|||True
ProWebGuide|||True
PubCrawl|||True
Qango.com|||True
QPCreep|||True
QuepasaCreep|||True
QueryN|||True
QweeryBot|||True
rabaz|||True
RaBot/1.0|||True
ramBot|||True
Rational|||True
RebusnetBot|||True
RebusnetPADBot|||True
RedCell|||True
RedKernel|||True
rico|||True
RixBot|||True
RoboCrawl|||True
RoboPal|||True
Rotondo/3.1|||True
savvybot|||True
ScanWeb|||True
schwarzmann.biz-Spider_for_paddel.org|||True
Scooter|||True
Scrubby|||True
Seeker.lookseek.com|||True
semanticdiscovery|||True
SharewarePlazaFileCheckBot|||True
Shoula.com|||True
Siigle|||True
Simpy|||True
sitecheck.internetseer.com|||True
SiteRecon+|||True
SiteSpider|||True
SiteXpert|||True
Skampy|||True
Skimpy|||True
Slarp|||True
Slider_Search_v1-de|||True
smartwit.com|||True
SmiffyDCMetaSpider|||True
SnykeBot|||True
SocSciBot|||True
SoftHypermarketFileCheckBot|||True
speedfind|||True
Spida|||True
Spinne|||True
Sqworm|||True
stat|||True
Submission|||True
suchbaer.de|||True
suchbot|||True
suchpadbot|||True
suzuran|||True
Swooglebot|||True
SWSBot-Images/1.2|||True
Szukacz|||True
Tagword|||True
Talkro|||True
TAMU_CS_IRL_CRAWLER|||True
targetblaster.com|||True
TECOMAC-Crawler|||True
Tecomi|||True
Teradex|||True
terraminds-bot|||True
TheSuBot|||True
tivraSpider|||True
TJG|||True
Tkensaku|||True
Topodia|||True
Toutatis|||True
traazibot|||True
Trampelpfad-Spider|||True
Tumblr|||True
Turnpike|||True
Tutorial|||True
TygoProwler|||True
UIowaCrawler|||True
Ultraseek|||True
UofTDB_experiment|||True
Uptimebot|||True
user-agent=Mozilla|||True
Vakes|||True
VeryGoodSearch.com.DaddyLongLegs|||True
Verzamelgids|||True
Vespa|||True
VSE|||True
wadaino.jp-crawler|||True
Wavefire|||True
Waypath|||True
WFARC|||True
whatUseek_winona|||True
WhizBang!|||True
WISEbot|||True
WiseWire-Spider2|||True
WorldLight|||True
Wotbox|||True
WSB|||True
wume_crawler|||True
Wusage|||True
Wwlib|||True
www.arianna.it|||True
X-Crawler|||True
xirq|||True
xyro_|||True
crawl/5.0|||False
cuil|||False
Spinn3r|||False
Radian6|||True
BSpider|||True
Y!J-BSC|||True
Y!J-SRD|||True
yarienavoir.net|||True
yoogliFetchAgent|||True
YottaCars_Bot|||True
YottaShopping_Bot|||True
Zao-Crawler|||True
ZBot|||True
Zearchit|||True
ZeBot_lseek.net|||True
ZeBot_www.ze.bz|||True
zedzo.digest|||True
ZipppBot|||True
ZIPPPCVS|||True
Zippy|||True
zspider/0.9-dev|||True
;+Maxthon;)|||False
Gecko/2008021019|||False
You Corrupt Mothafucka|||False
DomainGoat-1.0|||False
MSIECrawler|||False
Spider)|||False
Estbot/|||False
SERPAnalytics|||False
ly web crawler|||False
AlphaBot|||False
URL-Spider|||False
uble/Trojaner|||False
badguy 1.0|||False
BoardReader Favicon Fetcher|||False
alert('helo')|||False
babaloospider|||False
BotSeer|||False
Ask Jeeves)|||False
EZResult -- Internet Search Engine|||False
Fluffy the spider|||False
MuscatFerret|||False
netart generator|||False
Webinator-|||False
Links2Go Similarity Engine|||False
AstraSpider|||False
B_L_I_T_Z_B_O_T|||False
ChristCrawler.com|||False
"crawlx|||"|||False
FastCrawler3|||False
Vonna.com b o t|||False
OrangeBot-Mobile|||False
samualt9@bigfoot.com|||False
NetNose-Crawler|||False
www.galaxy.com;|||False
YANDEX)|||False
QXW03018)|||False
AspTear 1.5|||False
TargetSeek/1.0|||False
ZoomSpider.net bot|||False
SpeedySpider;|||False
SPENG)|||False
urlchecker1.0)|||False
www.galaxy.com)|||False
Sleek Spider/1.2|||False
Zealbot 1.0|||False
Intelliseek;|||False
Whizbang|||False
BACS|||False
Mammoth/0.1|||False
http://www.evri.com/evrinid|||False
Abonti/0.8|||False
AnsearchBot/1.x|||False
http://pressemitteilung.ws/spamfilter|||False
BuzzRankingBot|||False
Crawling jpeg|||False
de/1.13.2|||False
EARTHCOM.info/|||False
EARTHCOM/|||False
Hermit Search|||False
HyperixScoop|||False
InterseekWeb|||False
LemSpider|||False
OnetSzukaj|||False
PalmeraBot|||False
pogodak.|||False
ScoutJet;|||False
ShunixBot/|||False
SpurlBot/|||False
SYCLIKControl/LinkChecker|||False
Theophrastus|||False
TridentSpider|||False
Zenbot|||False
MAINSEEK_BOT)|||False
wgao@genieknows.com|||False
usww.com-Spider-for-w8.net|||False
whoiam|||False
Mozilla@somewhere.com|||False
WoW Lemmings Kathune|||False
script>alert(document.cookie)|||False
Check&Get|||False
&I=F4|||True
<?php|||True
<b>Sawah|||True
yahoo_adcrawler|||False
<a href=|||True
<script|||True
<http://www.sygol.com/>|||True
aafter.com|||True
amphetadesk/|||True
c:\|||True
check_http/|||True
contextual ad bot|||True
ee://aol/http|||True
googleearth/|||True
itunes/|||True
harvestman|||True
anchor-nautilus|||False
PluckItCrawler|||True
GomezAgent|||True
ZSEBOT|||False
WukongBot|||False
bixolabs.com/crawler|||False
aihitbot|||False
viralheat bot|||False
Eniro Crawler|||True
AtlasGrid-Bot|||False
Another Python Crawler|||True
Checkbot|||True
Piplbot|||False
twib::crawler|||True
nu_tch|||False
 OVGbot |||False
perfbot-juggle|||True
SheenBot|||True
Xap Spider Bot|||True
wumbot|||True
BLP_bbot|||True
redcarpet|||True
terraspider|||True
popscreenbot|||True
snoothbot|||True
BoardReader|||True
orkashbot|||True
crawler/aafter|||False
iisbot|||True
scooperbot|||True
insightsworksbot|||True
lynnbot|||True
buscopt|||True
attributor|||False
Awahili|||True
Blaiz-Bee|||True
buzzbot|||False
DotBot|||False
Exabot|||False
friendfeedbot|||False
gsa-crawler|||False
GurujiBot|||False
iccrawler|||False
larbin|||False
Mediapartners-Google|||False
MJ12bot|||False
MojeekBot|||False
mp3bot|||False
Nutch|||False
Nutscrape|||False
pycrawler|||False
Quantcastbot|||False
ScollSpider|||False
shadowsurf|||False
skygrid|||False
sleipnir|||True
sqwidgebot|||False
Twiceler|||False
Vagabondo|||False
voyager|||True
YodaoBot|||False
citeseerxbot|||False
msnbot|||False
Linguee Bot|||True
socialmedia bot|||False
NetNewsWire|||False
trendictionbot|||False
bnf.fr_bot|||False
ronsmap|||False
archive_crawler|||False
kit webcrawler|||False
ayna-crawler|||False
mxbot|||False
gazopabot|||False
carbonbot|||False
dotspotsbot|||True
hhh|||True
macro-googlecrawler|||True
WC/Crawler|||True
100pulse|||False
golgito|||True
IEEE searchbot|||True
itah|||True
libwww-perl|||False
linguabot|||True
mofusebot |||True
pirs|||True
realspider|||True
robut|||True
twitterbot|||True
ua-bot|||True
apple-pubsub|||True
mozilla/4.0 (compatible; crawler; msie 7.0; windows nt 5.1; sv1; .net clr 2.0.50727)|||True
yodao toolbar|||True
tsmbot|||True
comodo-certificates-spider|||True
citizennet crawler|||True
clushbot/|||True
doceosbot/|||True
Democracy/0.|||True
Iphoneiquity; +http://www.thesmespace.com/iphoneiquity|||False
Charlotte/1.1; http://www.searchme.com/support/|||False
NimBUS/2.0|||True
OneRiot/1.0 (http://www.oneriot.com)|||False
http://fairshare.cc|||False
Mozilla/bintellibot|||True
_agent_|||True
HubSpot Crawler|||True
JoeDog/|||True
Mozilla/3.0 (compatible) Diamond ICT Zoekbot; 1.0|||True
special_archiver/1.5.0 +http://www.loc.gov/minerva/crawl.html|||False
i686 +http://www.yahoo.com/index.html|||False
CrownPeak-HttpAgent/|||True
integrity/3|||True
www.justOnlineStores.com|||False
Fetch API Request|||False
Opera/9.80 (Windows NT 5.1; U; es-LA) Presto/2.5.24 Version/10.53|||True
Mozilla/4.0 (compatible; MSIE 5.0; Windows XP) Opera 6.05|||True
UNKNOWN|UNKNOWN|UNKNOWN|||True
Mozilla/4.0 (compatible; MSIE 5.22; Mac_PowerPC)|||True
Microsoft-ATL-Native|||False
Microsoft-CryptoAPI|||False
Microsoft-WebDAV-MiniRedir |||False
MS Web Services Client Protocol|||False
Mozilla/2.0 (compatible; MSIE 3.0B; Windows NT) |||True
POE-Component-Client-HTTP|||True
Indy Library|||False
VB Project|||True
HTMLParser/|||True
Mozilla/5.0 (X11; U; Linux i686 (x86_64); en-US; rv:1.9a1) Gecko/20060127 Firefox/1.6a1|||False
Mozilla/5.0 (compatible; Butterfly/1.0; +http://labs.topsy.com/butterfly/) Gecko/2009032608 Firefox/3.0.8|||True
PostRank/|||True
CamontSpider/|||True
Twingly Recon|||False
lssbot|||True
kmbot-|||False
inagist.com url crawler|||True
mustexist.com|||True
Twitturls; +http://twitturls.com|||False
Mozilla/5.0 (compatible; YoudaoBot/1.0; http://www.youdao.com/help/webmaster/spider/; )|||True
Mozilla/2.0 (compatible; Blackbird/1.0; www.industryeyes.com)|||True
monitis.com - free monitoring service; http://monitis.com|||False
+http://flipboard.com/crawler|||False
+http://discoveryengine.com/discobot.html|||False
hoge (co2h2onacl@gmail.com)|||True
+metauri.com|||False
Zimbiobot/|||False
Mobier/Mobier-|||False
Speedy Spider|||False
siteLevel.com|||True
+http://www.seoprofiler.com/bot|||False
+http://yandex.com/bots|||False
kame-rt (support@backtype.com)|||True
CreditCards.com www_connect_check/1.0|||True
Huaweisymantecspider|||True
+http://www.proximic.com|||False
www.freesitemapgenerator.com|||True
Sycara|||True
AuctionRSSFeed|||True
+http://www.jaxified.com/|||False
+http://liquida.com/|||False
TVersity Media Robot|||True
www.mysearchexchange.com|||True
SimplePie|||True
+http://www.city-data.com/|||False
http://www.vbseo.com|||False
hubpages.com|||True
PADTube.com Crawler|||True
TwitterJobSearch.com|||True
http://search.aghaven.com|||False
Flamingo_SearchEngine|||True
SolomonoBot/|||True
librabot/|||True
Dow Jones Searchbot|||False
http://www.abonti.com|||False
+http://www.vocus.com/vnhs.html|||False
MagpieRSS/|||True
Sockbot/|||True
IE7 abc@123.com|||True
EzineArticles.com Link Scanner|||False
Jaxified Crawler|||True
PSS-Bot|||True
iCjobs Stellenangebote Jobs|||False
SETOOZBOT/|||False
AWeber Communications Inc. Link Validator|||True
+http://worio.com|||False
buzzzy.com|||True
redbuscar.com.ar crawler|||True
http://domaindb.com/crawler/|||False
WASALive Bot|||False
CligooRobot/1.0|||True
+http://www.lijit.com/robot/crawler|||False
+http://www.marketwire.com|||False
+http://www.netseer.com/crawler.html|||False
UniversalFeedParser/|||True
+http://www.wasalive.com/|||False
TopBlogsInfo/|||False
HuaweiSymantec spider|||False
+http://www.wistla.com/crawler.html|||False
+http://www.infuz.com/bot.html|||False
socbot search@socbay.com|||True
+http://ecairn.com/grabber|||False
Mozilla/5.0 (compatible; Windows NT 6.0) Gecko/20090624 Firefox/3.5 NjuiceBot|||True
+http://knowmore.com/bots|||False
dmoz/|||True
libghttp/|||True
libwww-perl/|||True
msramlbot|||True
httpunit/|||True
netseer/|||True
binlar_|||True
radian6_default_(www.radian6.com/crawler)|||True
system center operations manager 2007 6.0.6278.0|||True
magent|||True
fitel5browser(compatible;|||True
at&t|||True
nook browser/|||True
"Mozilla/5.0 (en-us) AppleWebKit/525.13 (KHTML||| like Gecko; Google Web Preview) Version/3.1 Safari/525.13 "|||True
true|||True
http://www.nerdbynature.net/bot|||False
scrapybot/1.0|||True
bingbot|||False
yextbot|||False
EC2LinkFinder|||False
SemrushBot|||False
gslfbot|||False
crowsnest|||True
eventmachine httpclient|||True
feedzirra|||False
http://summify.com|||False
http://twikle.com|||False
jolibot|||False
kimengi/nineconnections.com|||False
percbotspider|||False
showyoubot|||False
sitelockspider|||False
synhttpclient-built|||False
unwindfetchor|||False
goscraper|||True
rockmeltembedservice|||False
is msie 8 smartlinksaddon|||True
/1.0 (cp/m; 8-bit)|||False
y!j-brj/yats crawler|||True
Y! J-BRL/YATSS crawler|||True
Y! J-BRM/YATSD crawler|||True
Y! J-BRN/YATSA crawler|||True
Y! J-BRY/YATSH crawler|||True
punchfork|||True
trapit|||True
castabot|||True
eqentia-bot|||True

